0.7	Guía de armado del tótem interactivo de cuarenta y tres pulgadas.
8.4	Se necesita: el cuerpo del tótem, el monitor de cuarenta y tres pulgadas, el marco táctil, el vidrio templado, y el mini pe ce.
18.4	Paso cero. Revise que el mini pe ce tenga Windows actualizado y activado, el idioma en español, y el teclado táctil en la barra de tareas.
29.6	Paso uno. Retire los cinco tornillos de la tapa trasera superior del tótem.
37.3	Coloque el marco táctil dentro del cuerpo.
40.9	Instale el vidrio templado, presionando el marco.
44.3	Los separadores planos van abajo.
48.1	A los lados van los separadores con tope, que sujetarán el monitor.
53.6	Paso dos. Fije la T de metal al monitor con dos pernos.
58.6	Ubique el monitor dentro del tótem, cuidando que quede centrado.
63.6	Luego, sujételo con cuatro placas en L, atornilladas a los costados de la estructura.
73.3	Paso tres. Conecte el hache de eme i en el puerto uno.
77.4	Pase energía y hache de eme i hacia abajo, por los pasacables.
82.2	Luego, conecte la energía a la extensión, en la parte baja del tótem.
87.3	Paso cuatro. Conecte el tótem a la energía, y encienda el monitor con el control remoto.
92.8	En el menú, elija modo vertical, omita el wifi, y seleccione inicio rápido.
99.6	Paso cinco. Retire los cuatro tornillos de la tapa trasera inferior.
104.3	Centre el mini pe ce en los puntos de anclaje, con el botón y los u ese be hacia arriba.
110.8	Asegúrelo con la placa en L.
113.1	Pegue la fuente de poder a la base con cinta doble contacto, y conéctela a la extensión.
118.6	Por último, conecte el hache de eme i y el u ese be del marco táctil al pe ce.
126.6	Paso seis. Encienda el monitor y el mini pe ce, y pruebe el táctil.
131.9	Inserte el pendrive, y busque la imagen bácgraund tótem.
135.6	Usando el táctil, establézcala como fondo de pantalla. Así se asegura el correcto funcionamiento del tótem.
143.6	Paso siete: embalaje. Corte un costado de la caja del monitor.
148.6	Superpóngala desde arriba cubriendo el vidrio, y envuelva bien con film.
153.7	Rotule con los datos de envío y contacto del cliente.
157.6	Si el despacho es por Starken, fabrique un cajón de madera paletizado.
166.8	Tótem listo para despacho.
